{
  "User list" : {
    "transaction" : "User list",
    "sampleCount" : 10,
    "errorCount" : 0,
    "errorPct" : 0.0,
    "meanResTime" : 20848.4,
    "medianResTime" : 21835.0,
    "minResTime" : 7255.0,
    "maxResTime" : 30977.0,
    "pct1ResTime" : 30900.5,
    "pct2ResTime" : 30977.0,
    "pct3ResTime" : 30977.0,
    "throughput" : 0.26507620941020543,
    "receivedKBytesPerSec" : 427.42995154075544,
    "sentKBytesPerSec" : 0.10458084824387011
  },
  "Search user by email" : {
    "transaction" : "Search user by email",
    "sampleCount" : 10,
    "errorCount" : 0,
    "errorPct" : 0.0,
    "meanResTime" : 25.7,
    "medianResTime" : 24.0,
    "minResTime" : 10.0,
    "maxResTime" : 50.0,
    "pct1ResTime" : 48.2,
    "pct2ResTime" : 50.0,
    "pct3ResTime" : 50.0,
    "throughput" : 8.4530853761623,
    "receivedKBytesPerSec" : 4.399896978021978,
    "sentKBytesPerSec" : 3.549635460693153
  },
  "Search user by id" : {
    "transaction" : "Search user by id",
    "sampleCount" : 10,
    "errorCount" : 0,
    "errorPct" : 0.0,
    "meanResTime" : 41.6,
    "medianResTime" : 31.0,
    "minResTime" : 21.0,
    "maxResTime" : 73.0,
    "pct1ResTime" : 72.8,
    "pct2ResTime" : 73.0,
    "pct3ResTime" : 73.0,
    "throughput" : 7.892659826361484,
    "receivedKBytesPerSec" : 4.108191101026046,
    "sentKBytesPerSec" : 3.190977703235991
  },
  "Search user by phonenumber" : {
    "transaction" : "Search user by phonenumber",
    "sampleCount" : 10,
    "errorCount" : 0,
    "errorPct" : 0.0,
    "meanResTime" : 60.099999999999994,
    "medianResTime" : 65.0,
    "minResTime" : 17.0,
    "maxResTime" : 82.0,
    "pct1ResTime" : 81.9,
    "pct2ResTime" : 82.0,
    "pct3ResTime" : 82.0,
    "throughput" : 7.974481658692184,
    "receivedKBytesPerSec" : 4.24423096092504,
    "sentKBytesPerSec" : 3.356446870015949
  },
  "Total" : {
    "transaction" : "Total",
    "sampleCount" : 90,
    "errorCount" : 0,
    "errorPct" : 0.0,
    "meanResTime" : 4082.222222222221,
    "medianResTime" : 59.5,
    "minResTime" : 9.0,
    "maxResTime" : 30977.0,
    "pct1ResTime" : 18474.400000000005,
    "pct2ResTime" : 26479.350000000002,
    "pct3ResTime" : 30977.0,
    "throughput" : 2.3664282709297435,
    "receivedKBytesPerSec" : 424.95977893615907,
    "sentKBytesPerSec" : 1.0478942896771142
  },
  "Create user" : {
    "transaction" : "Create user",
    "sampleCount" : 10,
    "errorCount" : 0,
    "errorPct" : 0.0,
    "meanResTime" : 74.19999999999999,
    "medianResTime" : 82.5,
    "minResTime" : 26.0,
    "maxResTime" : 87.0,
    "pct1ResTime" : 86.9,
    "pct2ResTime" : 87.0,
    "pct3ResTime" : 87.0,
    "throughput" : 7.558578987150416,
    "receivedKBytesPerSec" : 4.2959892290249435,
    "sentKBytesPerSec" : 4.406710600907029
  },
  "Cannot create the same user" : {
    "transaction" : "Cannot create the same user",
    "sampleCount" : 10,
    "errorCount" : 0,
    "errorPct" : 0.0,
    "meanResTime" : 11194.099999999999,
    "medianResTime" : 9359.5,
    "minResTime" : 27.0,
    "maxResTime" : 29173.0,
    "pct1ResTime" : 28894.5,
    "pct2ResTime" : 29173.0,
    "pct3ResTime" : 29173.0,
    "throughput" : 0.3284503711489194,
    "receivedKBytesPerSec" : 0.11707459518491756,
    "sentKBytesPerSec" : 0.18988537082046902
  },
  "Login" : {
    "transaction" : "Login",
    "sampleCount" : 10,
    "errorCount" : 0,
    "errorPct" : 0.0,
    "meanResTime" : 4424.099999999999,
    "medianResTime" : 6206.0,
    "minResTime" : 57.0,
    "maxResTime" : 6644.0,
    "pct1ResTime" : 6632.6,
    "pct2ResTime" : 6644.0,
    "pct3ResTime" : 6644.0,
    "throughput" : 1.4545454545454544,
    "receivedKBytesPerSec" : 0.7571022727272727,
    "sentKBytesPerSec" : 0.43607954545454547
  },
  "Update user phoneNumber" : {
    "transaction" : "Update user phoneNumber",
    "sampleCount" : 10,
    "errorCount" : 0,
    "errorPct" : 0.0,
    "meanResTime" : 45.6,
    "medianResTime" : 54.5,
    "minResTime" : 11.0,
    "maxResTime" : 62.0,
    "pct1ResTime" : 61.8,
    "pct2ResTime" : 62.0,
    "pct3ResTime" : 62.0,
    "throughput" : 8.554319931565441,
    "receivedKBytesPerSec" : 3.199516146278871,
    "sentKBytesPerSec" : 3.9513606715141143
  },
  "Delete the user" : {
    "transaction" : "Delete the user",
    "sampleCount" : 10,
    "errorCount" : 0,
    "errorPct" : 0.0,
    "meanResTime" : 26.2,
    "medianResTime" : 28.0,
    "minResTime" : 9.0,
    "maxResTime" : 36.0,
    "pct1ResTime" : 35.6,
    "pct2ResTime" : 36.0,
    "pct3ResTime" : 36.0,
    "throughput" : 8.936550491510276,
    "receivedKBytesPerSec" : 2.993395330652368,
    "sentKBytesPerSec" : 3.7788343386952636
  }
}